attendu,predit,position,contexte_attendu,contexte_predit,Ajami,Wolof_attendu,Wolof_predit
o,u,1,ko nii:,ku nii:,"كو نيي: دافا يۆنني دوومام, ڠير مو","ko nii: dafa yónni Doomam, ngir mu","ku nii: dafa yónni doomam, ngir mu"
o,u,14,idd sorewul,idd Surewul,"گاننااو ليدد سورەوول اك يوپە ناگ, تە","Gannaaw Lidd sorewul ak Yope nag, te","Gannaaw lidd Surewul ak yope nag, te"
o,u,1,ko gën ,ku gën ,"كو گێن ا خاملە, ڠير مبێگگەەل, گي","ko gën a xamle, ngir mbëggeel, gi","ku gën a xamle, ngir mbéggeel, gi"
o,u,15,mënunoo bañ,mënunuoo ba,واايە نون مێنونوو باڽ ا واخ لي,Waaye nun mënunoo bañ a wax li,Waaye nun mënunuoo bañ a wax li
o,u,17,wax ko ne:«,wax ku ne:«,واايە ياللا واخ كو نە:«يانقۆوبا راكك جي,Waaye Yàlla wax ko ne:«Yanqóoba rakk ji,Waaye Yàlla wax ku ne:«Yànqóoba rakk ji
o,u,1,ko ba n,ku ba n,"كو با نوپپي, واايە گێمولەەن. جێف يي","ko ba noppi, waaye gëmuleen. Jëf yi","ku ba noppi, waaye gëmuleen. Jëf yi"
o,u,1,ko tont,ku tont,"كو تونتو: “بو ما لاككال, تێج ناا","ko tontu: “Bu ma lakkal, tëj naa","ku tontu: “Bu ma lakkal, tëj naa"
u,o,13, te luu. Ye, te loo. Ye,"مو گومبا تە لوو. يەەسو فاج كو,","mu gumba te luu. Yeesu faj ko,","mu gumba te loo. Yeesu faj ko,"
u,o,14,te luu. Yee,te loo. Yee,"مو گومبا تە لوو. يەەسو فاج كو,","mu gumba te luu. Yeesu faj ko,","mu gumba te loo. Yeesu faj ko,"
o,u,1,ko fa; ,ku fa; ,"كو فا; فەكك مووم فاس نا يێەنەي دوخ, با اگسي فا.","ko fa; fekk moom fas na yéeney dox, ba agsi fa.","ku fa; fekk moom fas na yéeney dox, ba agsi fa."
i,y,17,ax kii du Y,ax kiy du Y,"ڽو ناان: «نداخ كيي دو يەەسو, دوومو","Ñu naan: «Ndax kii du Yeesu, doomu","Ñu naan: «Ndax kiy du Yeesu, doomu"
o,u,15,lla dogaloo,lla dugaloo,"ناس, بي ياللا دوگالوون تە خام كو","nas, bi Yàlla dogaloon te xam ko","nas, bi Yàlla dugaloon te xam ku"
o,u,31,xam ko,xam ku,"ناس, بي ياللا دوگالوون تە خام كو","nas, bi Yàlla dogaloon te xam ko","nas, bi Yàlla dugaloon te xam ku"
y,i,9,el niy xale,el nii xale,"با مەل نيي خالە, دوڠەەن دوگگ موكك","ba mel niy xale, dungeen dugg mukk","ba mel nii xale, dungeen dugg mukk"
o,u,25, lu doy ngi, lu duy ngi,نەەن لا; فو نوي جێلە لو دوي ڠير دوندال لەەن?»,neen la; fu nuy jële lu doy ngir dundal leen?»,yeen la; fu nuy jële lu duy ngir dundal leen?»
o,u,33, aw booru d, aw buuru d,"گاننااو لوولو يەەسو گێنناات, او بوورو دەخ","Gannaaw loolu Yeesu génnaat, aw booru dex","gannaaw loolu Yeesu génnaat, aw buuru dex"
o,u,34,aw booru de,aw buuru de,"گاننااو لوولو يەەسو گێنناات, او بوورو دەخ","Gannaaw loolu Yeesu génnaat, aw booru dex","gannaaw loolu Yeesu génnaat, aw buuru dex"
o,u,38,"say loxo, t","say luxu, t","فااتو لێەگي, واايە ڽێوال, تەگ كو ساي لوخو, تە دينا دونداات.»","faatu léegi, waaye ñëwal, teg ko say loxo, te dina dundaat.»","yaatu léegi, waaye ñëwal, teg ko say luxu, te dina dundaat.»"
o,u,40,"y loxo, te ","y luxu, te ","فااتو لێەگي, واايە ڽێوال, تەگ كو ساي لوخو, تە دينا دونداات.»","faatu léegi, waaye ñëwal, teg ko say loxo, te dina dundaat.»","yaatu léegi, waaye ñëwal, teg ko say luxu, te dina dundaat.»"
u,o,15,naa duy nat,naa doy nat,"كيريست? خاناا دوي ناتتو, تە دو نجاقارە,","Kirist? Xanaa duy nattu, te du njàqare,","kirist? Xanaa doy nattu, te du njàqare,"
u,o,17,luy kumpa l,luy kompa l,"بيرال, مباا لوي كومپا لو ڽو وارول ا سييوال.","biral, mbaa luy kumpa lu ñu warul a siiwal.","yiral, mbaa luy kompa lu ñu warul a siiwal."
o,u,28, bi ko, bi ku,چا بێراب بو وێەت. واايە بي كو,ca bérab bu wéet. Waaye bi ko,ca bérab bu wéet. Waaye bi ku
o,u,19,eru ko teer,eru ku teer,"يا, ڠير ڽو تەەرو كو تەەرو بو","ya, ngir ñu teeru ko teeru bu","ya, ngir ñu teeru ku teeru bu"
i,y,2,nii ci y,niy ci y,"نيي چي يوون وي?» نوونو ڽو تاخاو, سەەن خول جەەخ.","nii ci yoon wi?» Noonu ñu taxaw, seen xol jeex.","niy ci yoon wi?» Noonu ñu taxaw, seex."
u,o,34, di buuxant, di booxant,"سەنەسارەت. مبوولوو ما وێر كو, دي بووخانتە ڠير دێگلو كاددوگ ياللا.","Senesaret. Mbooloo ma wër ko, di buuxante ngir déglu kàddug Yàlla.","senesaret. Mbooloo ma wér ko, di booxante ngir déglu Kàddug yàldag."
u,o,35,di buuxante,di booxante,"سەنەسارەت. مبوولوو ما وێر كو, دي بووخانتە ڠير دێگلو كاددوگ ياللا.","Senesaret. Mbooloo ma wër ko, di buuxante ngir déglu kàddug Yàlla.","senesaret. Mbooloo ma wér ko, di booxante ngir déglu Kàddug yàldag."
i,y,6,ëf yii leer,ëf yiy leer,"يێف ييي لەەر نا بوور بي, موو","Yëf yii leer na buur bi, moo","yëf yiy leer na buur bi, moo"
i,y,5,foofii,foofiy,فووفيي,foofii,foofiy
o,u,1,jollil ,yullil ,جولليل ندامو ياللا. نوونو يەەسو نە كو: «توپپال چي مان!»,jollil ndamu Yàlla. Noonu Yeesu ne ko: «Toppal ci man!»,yullil ndamu Yàlla. Noonu Yeesu ne ko: «Toppal ci man!»
u,o,18, ma ku ne Y, ma ko ne Y,ام چا مبوولوو ما كو نە يەەسو:,Am ca mbooloo ma ku ne Yeesu:,am ca mbooloo ma ko ne Yeesu:
o,u,35, lu moy jén, lu muy jén,"ڠەەن فەككسي ما چي لي ما نەكك, لو موي جێڠ ييي!»","ngeen fekksi ma ci li ma nekk, lu moy jéng yii!»","ngeen fekksi ma ci li ma nekk, lu muy jéng yii!»"
o,u,18," fa ko lew,"," fa ku lew,","پوول, مو دێكك فا كو لەو, مووم","Pool, mu dëkk fa ko lew, moom","Pool, mu dëkk fa ku lew, moom"
i,y,8,en yii yépp,en yiy yépp,ڠەەن ييي يێپپ? چي دێگگ ماا ڠي,ngeen yii yépp? Ci dëgg maa ngi,ngeen yiy yépp? Ci dëgg maa ngi
o,u,4,deewoon,deewun,دەەووون,deewoon,deewun
i,y,15,a ñu indil ,a ñu yindil,چا ڠوون سا ڽو ينديل كو ڽو,Ca ngoon sa ñu indil ko ñu,ca ngoon sa ñu yindil ko ñu
u,o,11,sut Suleyma,sut soleyma,تە كو سوت سولەيماان ا ڠي في.,te ku sut Suleymaan a ngi fi.,te ku sut soleymaan a ngi fi.
y,i,25,le biy judd,le bii judd,كاتتانام. موو تاخ خالە بيي جوددو ديناڽو,kàttanam. Moo tax xale biy juddu dinañu,kàttanam. Moo tax xale bii juddu dinañu
o,u,8,n niroowul ,n niruuuul ,بەنن نيروووول اك موروومام ليگگێەي.,benn niroowul ak moroomam liggéey.,benn niruuuul ak moroomam liggéey.
o,u,9, niroowul a, niruuuul a,بەنن نيروووول اك موروومام ليگگێەي.,benn niroowul ak moroomam liggéey.,benn niruuuul ak moroomam liggéey.
o,u,4,looloo ñëw,looluo ñëw,"لوولوو ڽێو, ڠير بو واختو وا اگسەە, ڠەەن گێم.","looloo ñëw, ngir bu waxtu wa agsee, ngeen gëm.","looluo ñëw, ngir bu waxtu wa agsee, ngeen gëm."
u,o,21, ay luu ak , ay loo ak ,"لاگگي, اي گومبا, اي لوو اك ڽەنەەن","làggi, ay gumba, ay luu ak ñeneen","laggi, ay gumba, ay loo ak ñeneen"
u,o,22,ay luu ak ñ,ay loo ak ñ,"لاگگي, اي گومبا, اي لوو اك ڽەنەەن","làggi, ay gumba, ay luu ak ñeneen","laggi, ay gumba, ay loo ak ñeneen"
o,u,43,gay sonal k,gay sunal k,ڽێو ناان: «سا دووم فااتو نا; ماتاتول ڠاي سونال كيليفا گي.»,ñëw naan: «Sa doom faatu na; matatul ngay sonal kilifa gi.»,ñëw naan: «Sa doom faatu na; matatul ngay sunal kilifa gi.»
o,u,21,unu xol bép,unu xul bép,دي لا گێرێم اك سونو خول بێپپ.,di la gërëm ak sunu xol bépp.,Yi la gërëm ak sunu xul bépp.
y,i,31,on jiyi. Bi,on jiii. Bi,«دافا اموون بەيكات بو دەموون جييي. بي,«Dafa amoon beykat bu demoon jiyi. Bi,«Dafa amoon beykat bu demoon jiii. Bi
u,o,1,wutsi,wotsi,ووتسي,wutsi,wotsi
o,u,2,njortu,jjurtu,نجورتو,njortu,jjurtu
o,u,29,lla woddee,lla wuddee,يێەن ڽي نێەو ڠێم! بو ياللا ووددەە,Yéen ñi néew ngëm! Bu Yàlla woddee,Yéen ñi néew ngëm! Bu Yàlla wuddee
o,u,16,saa soosa n,saa suusa n,لي دالە چي ساا سووسا ناگ يوداا,Li dale ci saa soosa nag Yudaa,li dale ci saa suusa nag yudaa
o,u,17,aa soosa na,aa suusa na,لي دالە چي ساا سووسا ناگ يوداا,Li dale ci saa soosa nag Yudaa,li dale ci saa suusa nag yudaa
o,u,8,saa soosu X,saa suusu x,چا ساا سووسو خەل مو سەلل مي,Ca saa soosu Xel mu Sell mi,ca saa suusu xel mu Sell mi
o,u,9,aa soosu Xe,aa suusu xe,چا ساا سووسو خەل مو سەلل مي,Ca saa soosu Xel mu Sell mi,ca saa suusu xel mu Sell mi
o,u,4,noonoo,Noonuo,نوونوو,noonoo,Noonuo
o,u,23, ci ron, ci run,واللا مو دي كو دەف چي رون,walla mu di ko def ci ron,walla mu di ko def ci run
u,o,29, li nuy sox, li noy sox,"تە بي نوي دەم, ڽو جوخ نو لي نوي سوخلا لێپپ.","te bi nuy dem, ñu jox nu li nuy soxla lépp.","Ye bi nuy dem, ñu jox nu li noy soxla lépp."
o,u,22,ññeewoo jam,ññeewuw jam,"چي ياو, نداختە راڽڽەەووو جامونو جي ياللا ڽێوە, واللوسي لا.»","ci yaw, ndaxte ràññeewoo jamono ji Yàlla ñëwe, wallusi la.»","yi yaw, ndaxte raññeewuw jamono ji Yàlla ñëwe, wallusi la.»"
o,u,4,Looloo tax,Yooluo tax,لوولوو تاخ وااجور يا نە: «لااجلەەن كو; ماگوم جێمم لا.»,Looloo tax waajur ya ne: «Laajleen ko; magum jëmm la.»,Yooluo tax waajur ya ne: «Laajleen ko; magum jëmm la.»
o,u,9,bay wottu s,bay wuttu s,"چا, باي ووتتو ساخ يێرەي ڽي كو دوون رەي.”","ca, bay wottu sax yérey ñi ko doon rey.”","ca, bay wuttu sax yërey ñi ko doon rey.”"
o,u,2,njombe,jjumbe,نجومبە,njombe,jjumbe
u,o,38,talikuwulee,talikooule,نداخ خاماگولەەن با تەي? خاناا فاتتاليكووولەەن جورۆومي,Ndax xamaguleen ba tey? Xanaa fàttalikuwuleen juróomi,Ndax xamaguleen ba tey? Xanaa fattalikooule
o,u,1,xottiko,xuttiku,خوتتيكوو,xottikoo,xuttikuu
o,u,6,ottikoo,uttikuu,خوتتيكوو,xottikoo,xuttikuu
o,u,7,ttikoo,ttikuu,خوتتيكوو,xottikoo,xuttikuu
i,y,20,"tu wii, maa","tu wiy, maa","بيير كێر چي واختو ويي, مااناام تيسباار.","biir kër ci waxtu wii, maanaam tisbaar.","biir kër ci waxtu wiy, maanaam tisbaar."
o,u,14, lu doy waa, lu duy waa,ڠەەن دەف لو دوي واار? خاناا ڽي,ngeen def lu doy waar? Xanaa ñi,ngeen def lu duy waar? Xanaa ñi
o,u,1,joyoo,juyoo,جويوو,joyoo,juyoo
u,o,15,oxo jumtuka,oxo jomtuka,"اك سەەني لوخو جومتوكااي, يي ڽو يەبوون ڠير فاگگو.","ak seeni loxo jumtukaay, yi ñu yeboon ngir fàggu.","ak seeni loxo jomtukaay, yi ñu yeboon ngir fàggu."
o,u,1,bon lu ,bun lu ,"بون لو جار دەە, كون دوما تينو","bon lu jar dee, kon duma tinu","bun lu jar dee, kon duma tinu"
y,i,26,.» Piyeer t,k.» Piyeer ,يتام چي ڽووم ڠا بوكك.» پييەەر تونتو,itam ci ñoom nga bokk.» Piyeer tontu,Yitam ci ñoom nga bokk.» Piyeer tontu
u,o,19, ko ku tëdd, ko ko tëdd,فووفا ڽو ينديل كو كو تێدد چي,Foofa ñu indil ko ku tëdd ci,Foofa ñu indil ko ko tëdd ci
o,u,20, ca joor ga, ca juur ga,"يا, دالدي تاخاو چا جوور گا, فا","ya, daldi taxaw ca joor ga, fa","ya, daldi taxaw ca juur ga, fa"
o,u,21,"ca joor ga,","ca juur ga,","يا, دالدي تاخاو چا جوور گا, فا","ya, daldi taxaw ca joor ga, fa","ya, daldi taxaw ca juur ga, fa"
o,u,14,a xewoon ca,a xewuon ca,نەتتالي لا خەووون چا يوون وا اك,nettali la xewoon ca yoon wa ak,nettali la xewuon ca yoon wa ak
u,o,2,«Wutuma ,«Wootuma,«ووتوما تاگگ يو جۆگە چي نيت.,«Wutuma tagg yu jóge ci nit.,«Wootuma tagg yu jóge ci nit.
o,u,3,melokan,melukan,مەلوكان,melokan,melukan
o,u,46, faatoo., faatuw.,چي باات يوويو لا دوون ميساالە ني مو وار ا فااتوو.,Ci baat yooyu la doon misaale ni mu war a faatoo.,ci baat yooyu la doon misaale ni mu war a faatuw.
i,y,5,ñooñii,ñooñiy,ڽووڽيي,ñooñii,ñooñiy
o,u,21,ñ sago.»,ñ sagu.»,رێي مي دا لاا خاڽ ساگو.»,réy mi da laa xañ sago.»,réy mi da laa xañ sagu.»
o,u,16, ko moy ñoo, ko muy ñoo,ام الال. لو كو موي ڽووڽو يتام,am alal. Lu ko moy ñooñu itam,am alal. Lu ko muy ñooñu itam
o,u,26,"Babilon, Ye","bàbilun, ye","با ڽو لەەن يۆببوو چا بابيلون, يەكوڽاس جور سالاچەل; سالاچەل سوروبابەل,","Ba ñu leen yóbboo ca Babilon, Yekoñas jur Salacel; Salacel Sorobabel,","ba ñu leen yóbboo ca bàbilun, yekuñas jur salacel; salacel; salacellusulubabell surubabell surubabel"
o,u,33,", Yekoñas j",", yekuñas j","با ڽو لەەن يۆببوو چا بابيلون, يەكوڽاس جور سالاچەل; سالاچەل سوروبابەل,","Ba ñu leen yóbboo ca Babilon, Yekoñas jur Salacel; Salacel Sorobabel,","ba ñu leen yóbboo ca bàbilun, yekuñas jur salacel; salacel; salacellusulubabell surubabell surubabel"
i,y,2,kii moo ,kiy moo ,"كيي موو داان تووگ, دي يەلواان?»","kii moo daan toog, di yelwaan?»","kiy moo daan toog, di yelwaan?»"
y,i,2,biy,bii,بيي,biy,bii
o,u,28,ëgg ko,ëgg ku,"نوونو ڽو فور اي خەەر, بێگگ كو","Noonu ñu for ay xeer, bëgg ko","Noonu ñu for ay xeer, bëgg ku"
o,u,1,koy yër,kuy yér,كوي يێرێم نە كو: «بول جووياتي.»,koy yërëm ne ko: «Bul jooyati.»,kuy yérëm ne ko: «Bul jooyati.»
o,u,9,xaritoo ak ,xarituw ak ,تەي خاريتوو اك اي جووتيكات اك اي بورووم باككاار.”,tey xaritoo ak ay juutikat ak ay boroom bàkkaar.”,tey xarituw ak ay juutikat ak ay boroom bàkkaar.”
o,u,38,; Naxor;,; naxur;,يانقۆوبا; يسااخا; يبراايما; تەراا; ناخور;,Yanqóoba; Isaaxa; Ibraayma; Teraa; Naxor;,yanqóoba; Isaaxa; Ibraayma; teraa; naxur;
o,u,16,ox. Wottu n,ox. Wuttu n,"وي ڠا ما جوخ. ووتتو ناا لەەن,","wi nga ma jox. Wottu naa leen,","wi nga ma jox. Wuttu naa leen,"
y,i,61,Tiberyàdd.,tiberi.,"گاننااو لوولو يەەسو دافا جالل دەخو گاليلە, مااناام دەخو تيبەريادد.","Gannaaw loolu Yeesu dafa jàll dexu Galile, maanaam dexu Tiberyàdd.","Gannaaw loolu Yeesu dafa jall dexu Galile, maanaam dexu tiberi."
i,y,5,te ñii xam ,te ñiy xam ,"تە ڽيي خام ناڽو نە, ياا ما يۆنني.","te ñii xam nañu ne, yaa ma yónni.","te ñiy xam nañu ne, yaa ma yónni."
o,u,1,doylu,duylu,دويلو,doylu,duylu
o,u,1,wormaal,wurmaal,وورماال,wormaal,wurmaal
u,o,33,: «“Suul-le,: «Sool-lee,چي سونو كاو!’تە ناان جانج يي: «“سوول-لەەن نو!»“ “,ci sunu kaw!’te naan jànj yi: «“Suul-leen nu!»“ “,ci sunu kaw! Te naan janj yi: «Sool-leen nu!» “
o,u,4,dénkoon,dénkuon,دێنكوون,dénkoon,dénkuon
o,u,4,ak Gomor ñ,ak gumur ñ,اك گومور ڽووي تانە دێكك بووبو.,ak Gomor ñooy tane dëkk boobu.,ak gumur ñooy tane dëkk boobu.
o,u,6,k Gomor ñoo,k gumur ñoo,اك گومور ڽووي تانە دێكك بووبو.,ak Gomor ñooy tane dëkk boobu.,ak gumur ñooy tane dëkk boobu.
u,o,1,wu réy ,wo réy ,"وو رێي چي بااتام, سانني كو چا","wu réy ci baatam, sànni ko ca","wo réy ci baatam, sànni ko ca"
u,o,1,buumi d,boomi d,"بوومي دەە, نداختە دەە مێنو كوو تێيە.","buumi dee, ndaxte dee mënu koo téye.","boomi dee, ndaxte dee mënu koo tëye."
u,o,2,buumi de,boomi de,"بوومي دەە, نداختە دەە مێنو كوو تێيە.","buumi dee, ndaxte dee mënu koo téye.","boomi dee, ndaxte dee mënu koo tëye."
u,o,1,xuru,xoro,خورو,xuru,xoro
u,o,3,xuru,xoro,خورو,xuru,xoro
o,u,14, ak dogali , ak dugali ,نديگال يي اك دوگالي بورووم بي يێپپ.,ndigal yi ak dogali Boroom bi yépp.,ndigal yi ak dugali boroom bi yépp.
o,u,1,Xol bi ,xul bi ,خول بي دال نا.,Xol bi dal na.,xul bi dal na.
o,u,10,"ax isob, te","ax Isub, te","ڽوي واخ يسوب, تەگ كو چي گێمميڽو يەەسو.","ñuy wax isob, teg ko ci gémmiñu Yeesu.","Ñuy wax Isub, teg ku ci gémmiñu Yeesu."
o,u,19,teg ko ci g,teg ku ci g,"ڽوي واخ يسوب, تەگ كو چي گێمميڽو يەەسو.","ñuy wax isob, teg ko ci gémmiñu Yeesu.","Ñuy wax Isub, teg ku ci gémmiñu Yeesu."
o,u,1,Xol yi ,xul yi ,خول يي فەەس نا.,Xol yi fees na.,xul yi fees na.
o,u,4,ñi joggi c,Ñi juggi c,"ڽي جوگگي چي, پيچچي اساماان لەكك كو لێپپ.","ñi joggi ci, picci asamaan lekk ko lépp.","Ñi juggi ci, picci asamaan lekk ku lépp."
o,u,33,ekk ko lépp,ekk ku lépp,"ڽي جوگگي چي, پيچچي اساماان لەكك كو لێپپ.","ñi joggi ci, picci asamaan lekk ko lépp.","Ñi juggi ci, picci asamaan lekk ku lépp."
o,u,32, ay wottuka, ay wuttuka,"پيلاات تونتو لەەن: «املەەن, اي ووتتوكات ا","Pilaat tontu leen: «Amleen, ay wottukat a","Pilaat tontu leen: «Amleen, ay wuttukat a"
y,i,24, Lisiyas ma, lisiias ma,رێەو مي; مان كێلۆدد ليسيياس ماا ڠي لاي نويو.,réew mi; man Këlódd Lisiyas maa ngi lay nuyu.,réew mi; man këlódd lisiias maa ngi lay nuyu.
i,y,8,ur yii ak s,ur yiy ak s,ڠوور ييي اك سەەن ندام نداختە جێببال,nguur yii ak seen ndam ndaxte jébbal,nguur yiy ak seen ndax ndaxte jébbal
y,i,5,it Piyeer; ,tit Piyeer;,يت پييەەر; فەكك لوولو داجە اك بێسي,it Piyeer; fekk loolu daje ak bési,tit Piyeer; fekk loolu daje ak bési
o,u,1,nose,Nuse,نوسە,nose,Nuse
o,u,18, te soobul , te suubul ,داانو چي سووف تە سووبول سەەن بااي.,daanu ci suuf te soobul seen Baay.,daanu ci suuf te suubul seen baay.
o,u,19,te soobul s,te suubul s,داانو چي سووف تە سووبول سەەن بااي.,daanu ci suuf te soobul seen Baay.,daanu ci suuf te suubul seen baay.
y,i,16,Tiberyàdd. ,tiberiadd. ,گو ڽوي واخ تيبەريادد. نيي لا دەمە ووون:,gu ñuy wax Tiberyàdd. Nii la deme woon:,yu ñuy wax tiberiadd. Nii la deme woon:
o,u,1,ko ko. ,ku ko. ,كو كو. تە ڠەەن رووف اب جاارو,ko ko. Te ngeen roof ab jaaro,ku ko. Te ngeen rouf ab jaaru
o,u,18,en roof ab ,en rouf ab ,كو كو. تە ڠەەن رووف اب جاارو,ko ko. Te ngeen roof ab jaaro,ku ko. Te ngeen rouf ab jaaru
o,u,28, jaaro, jaaru,كو كو. تە ڠەەن رووف اب جاارو,ko ko. Te ngeen roof ab jaaro,ku ko. Te ngeen rouf ab jaaru
o,u,17,ina torox. ,ina turox. ,كي كوي وور دينا توروخ. باڽوون ا,ki koy wor dina torox. Bañoon a,ki koy wor dina turox. Bañoon a
o,u,20,ñoo sonn ba,ñoo sunn ba,"لەەن, نداختە داڽوو سونن با نە يوگگ,","leen, ndaxte dañoo sonn ba ne yogg,","leen, ndaxte dañoo sunn ba ne yugg,"
o,u,31," ne yogg,"," ne yugg,","لەەن, نداختە داڽوو سونن با نە يوگگ,","leen, ndaxte dañoo sonn ba ne yogg,","leen, ndaxte dañoo sunn ba ne yugg,"
o,u,5,njabbotam,jjabbutam,نجاببوتام,njabbotam,jjabbutam
i,y,2,wii? Nu ,wiy? Nu ,ويي? نو ڠەەن خامە ناگ لێەب يي چي دەس?,wii? Nu ngeen xame nag léeb yi ci des?,wiy? Nu ngeen xame nag léeb yi ci des?
o,u,43,"am, yor ko.","am, yur ko.","نيي.» بووبا لا كو تااليبە با يۆببو كێرام, يور كو.","nii.» Booba la ko taalibe ba yóbbu këram, yor ko.","nii.» Booba la ko taalibe ba yóbbu këram, yur ko."
u,o,28,it ajuwul c,it ajooul c,"بێگگە, نداختە باككانو نيت اجووول چي الالام, اك لو مو بارەە-بارە.»","bëgge, ndaxte bakkanu nit ajuwul ci alalam, ak lu mu baree-bare.»","yégge, ndaxte bàkkanu nit ajooul ci alalam, ak lu mu baree-bare.»"
i,y,35,oo mii lu ñ,oo miy lu ñ,خاناا نداخ نو دەم جێندال مبوولوو ميي لو ڽو لەكك?»,Xanaa ndax nu dem jëndal mbooloo mii lu ñu lekk?»,xanaa ndax nu dem jëndal mbooloo miy lu ñu luklukalu?»
i,y,32,ir yii?,ir yiy?,بانني يسراييل تە خامولوو مبير ييي?,bànni Israyil te xamuloo mbir yii?,banni Israyil te xamuloo mbir yiy?
o,u,20,een bon? Nd,een bun? Nd,"بااخ, فەكك داڠەەن بون? نداختە گێمميڽ, لا فەەس خول لاي واخ.","baax, fekk dangeen bon? Ndaxte gémmiñ, la fees xol lay wax.","baax, fekk dangeen bun? Ndaxte gëmmiñ, la fees xol lay wax."
o,u,47, ak Yowaana, ak yuwaana,"چا دەس دێگگ ناڽو لوولو, ڽو دالدي مەرە سااگ اك يوواانا.","ca des dégg nañu loolu, ñu daldi mere Saag ak Yowaana.","ca des dégg nañu loolu, ñu daldi mere saag ak yuwaana."
o,u,14,"olu Sool, m","olu suul, m","چي كاو لوولو سوول, مي تودد يت","Ci kaw loolu Sool, mi tudd it","ci kaw loolu suul, mi tudd it"
o,u,15,"lu Sool, mi","lu suul, mi","چي كاو لوولو سوول, مي تودد يت","Ci kaw loolu Sool, mi tudd it","ci kaw loolu suul, mi tudd it"
u,o,26,o doxub,o doxob,"كو لا گا, ڠا يەنول كو دوخوب","Ku la ga, nga yenul ko doxub","ku la ga, nga yenul ko doxob"
i,y,7,ng lii ci M,ng liy ci m,جاڠ ليي چي مبيند يي?“دوج وي تاباخكات,jàng lii ci Mbind yi?“Doj wi tabaxkat,jàng liy ci mbind yi?“Doj wi tabaxkat
i,y,2,"yii, ñaa","yiy, ñaa","ييي, ڽاان چي ياللا رەكك ا لەەن دي داق.»","yii, ñaan ci Yàlla rekk a leen di dàq.»","yiy, ñaan ci Yàlla rekk a leen di dàq.»"
i,y,14,di Iliyas?»,i Iliyas?» ,نداخ ياا دي يليياس?» مو نە لەەن:,Ndax yaa di Iliyas?» Mu ne leen:,Yàx yaa di Iliyas?» Mu ne leen:
y,i,3,jéyya,jéyia,جێييا,jéyya,jéyia
o,u,37,ooy jooy yu,ooy juuy yu,ما وەددي ڽەتتي يوون.» مو دالدي جووي جووي يو مەتتي.,ma weddi ñetti yoon.» Mu daldi jooy jooy yu metti.,ya weddi ñetti yoon.» Mu daldi jooy juuy yu metti.
o,u,38,oy jooy yu ,oy juuy yu ,ما وەددي ڽەتتي يوون.» مو دالدي جووي جووي يو مەتتي.,ma weddi ñetti yoon.» Mu daldi jooy jooy yu metti.,ya weddi ñetti yoon.» Mu daldi jooy juuy yu metti.
o,u,28,aru lool ne,aru luul ne,"ناڽو لوولو, ڽو دالدي واارو لوول نە","nañu loolu, ñu daldi waaru lool ne","Aañu loolu, ñu daldi waaru luul ne"
o,u,29,ru lool ne,ru luul ne,"ناڽو لوولو, ڽو دالدي واارو لوول نە","nañu loolu, ñu daldi waaru lool ne","Aañu loolu, ñu daldi waaru luul ne"
o,u,6,"k Segond, ñ","k segund, ñ","اك سەگوند, ڽي دێكك تەسالونيگ; گايوس, مي","ak Segond, ñi dëkk Tesalonig; Gayus, mi","ak segund, ñi dëkk tesalunig; gayus, mi"
o,u,24,Tesalonig; ,tesalunig; ,"اك سەگوند, ڽي دێكك تەسالونيگ; گايوس, مي","ak Segond, ñi dëkk Tesalonig; Gayus, mi","ak segund, ñi dëkk tesalunig; gayus, mi"
o,u,36,noo soflu.,noo suflu.,"ڠەلاو لي, نداختە ڠەلاو لي دا نوو سوفلو.","ngelaw li, ndaxte ngelaw li da noo soflu.","ngelaw li, ndaxte ngelaw li da noo suflu."
o,u,20,"nuy woor, n","nuy wuur, n","نە كو: «لو تاخ نوي ووور, نون","ne ko: «Lu tax nuy woor, nun","ne ko: «Lu tax nuy wuur, nun"
o,u,21,"uy woor, nu","uy wuur, nu","نە كو: «لو تاخ نوي ووور, نون","ne ko: «Lu tax nuy woor, nun","ne ko: «Lu tax nuy wuur, nun"
u,o,1,ku xamu,ko xamu,"كو خامول نە, دێككو ەفەس موو دي","ku xamul ne, dëkku Efes moo di","ko xamul ne, dëkku Efes moo di"
o,u,32,k geñog der,k geñug der,"ڽو راببە كاوارو گيلێەم, تاكك گەڽوگ دەر","ñu ràbbe kawaru giléem, takk geñog der","Ñu rabbe kawaru Gilëem, takk geñug der"
o,u,24, Areyopas. , areyupas. ,"چا گێەو, با ڽوي واخ ارەيوپاس. ڽو","ca géew, ba ñuy wax Areyopas. Ñu","ca géew, ba ñuy wax areyupas. Ñu"
o,u,25,k Mesopotam,k Mesuputam,"واا ەلام, نون ڽي دێكك مەسوپوتامي, رێەوو","waa Elam, nun ñi dëkk Mesopotami, réewu","Waa elam, nun ñi dëkk Mesuputami, réewu"
o,u,27,"Mesopotami,","Mesuputami,","واا ەلام, نون ڽي دێكك مەسوپوتامي, رێەوو","waa Elam, nun ñi dëkk Mesopotami, réewu","Waa elam, nun ñi dëkk Mesuputami, réewu"
i,y,2,Nii la d,niy la d,"نيي لا دوون واارەە: «تووبلەەن سەەني باككاار,","Nii la doon waaree: «Tuubleen seeni bàkkaar,","niy la doon waaree: «Tuubleen seeni bàkkaar,"
i,y,8,ye lii la k,ye liy la k,واايە ليي لا كو ياللا تونتو: «دەنچال,Waaye lii la ko Yàlla tontu: «Dencal,Waaye liy la ko Yàlla tontu: «Dencal
i,y,9, buy indi m, buy yindi ,بااخ بوي يندي مبێگ مو رێي چي نيت ڽێپپ.,baax buy indi mbég mu réy ci nit ñépp.,Yaax buy yindi mbëg mu réy ci nit ñépp.
o,u,16,éetewoo ci ,éetewuw ci ,ماي وار ا فێەتەووو چي ندونو لي.”,may war a féetewoo ci ndono li.”,may war a féetewuw ci ndonu li.”
o,u,26, ndono li.”, ndonu li.”,ماي وار ا فێەتەووو چي ندونو لي.”,may war a féetewoo ci ndono li.”,may war a féetewuw ci ndonu li.”
o,u,10,ñuy rob née,ñuy rub née,فەكك ڽوي روب نێەو بوو خام نە,fekk ñuy rob néew boo xam ne,fekk ñuy rub néew boo xam ne
o,u,21,askanoo ci ,askanuo ci ,"ساراخالەكات, يا اسكانوو چي ابييا. جابارام ەليسابەت","saraxalekat, ya askanoo ci Abiya. Jabaram Elisabet","saraxalekat, ya askanuo ci abiia. Jabaram Elisabet"
y,i,30,i Abiya. Ja,i abiia. Ja,"ساراخالەكات, يا اسكانوو چي ابييا. جابارام ەليسابەت","saraxalekat, ya askanoo ci Abiya. Jabaram Elisabet","saraxalekat, ya askanuo ci abiia. Jabaram Elisabet"
u,o,44, jubluwu ko,jubloo ko f,"نداختە خام نانو نە, تارييخا بووبا, كەنن جوبلووو كو فەنن.»","ndaxte xam nanu ne, tariixa booba, kenn jubluwu ko fenn.»","yànte xam nanu ne, tariixa booba, kenn jubloo ko fenn.»"
i,y,17, luy indil , luy yidil ,سوو دەە لەكك لوي ينديل سا مورووم,Soo dee lekk luy indil sa moroom,soo dee lekk luy yidil sa moroom
o,u,11,warunoo yem,warunuo yem,واايە وارونوو يەمالە تووڽو ااداما اك مايو,Waaye warunoo yemale tooñu Aadama ak mayu,waaye warunuo yemale tooñu aadama ak mayu
o,u,6,oppatoo,oppatuo,توپپاتوو,toppatoo,toppatuo
o,u,42, ne doj wa , ne duj wa ,"رێي-ا-رێي لا ووون. نوونو ڽو خوول, گيس نە دوج وا دەڽ.","réy-a-réy la woon. Noonu ñu xool, gis ne doj wa deñ.","réy-a-réy la woon. Noonu ñu xool, gis ne duj wa deñ."
y,i,23,"skariyo de,",Iskariyu de,"يوداا --دو يوداا يسكارييو دە, بەنەەن لا","Yudaa --du Yudaa Iskariyo de, beneen la","Yuddaa --du Yudaa Iskariyu de, beneen la"
o,u,1,bon lay,bun lay,"بون لاي واخ, جێلە كو چا فا مو دەنچ لو بون.","bon lay wax, jële ko ca fa mu denc lu bon.","bun lay wax, jële ko ca fa mu denc lu bon."
o,u,1,xobi,xubi,خوبي,xobi,xubi
i,y,22,ye lii am n,ye liy am n,"جاپپولەەن ما. واايە ليي ام نا, ڠير مبيند مي ام.»","jàppuleen ma. Waaye lii am na, ngir Mbind mi am.»","yàppuleen ma. Waaye liy am na, ngir mbind mi am.»"
i,y,20,oj wii mu n,oj wiy mu n,"ياللا, سانتال دوج ويي مو نەكك مبورو.»","Yàlla, santal doj wii mu nekk mburu.»","yalla, santal doj wiy mu nekk mburu.»"
o,u,12,"Nikanor, Ti","nikanur, ti","تەگ چا نيكانور, تيمون, پارمەناس اك نيكولاس,","teg ca Nikanor, Timon, Parmenas ak Nikolas,","Teg ca nikanur, timon, parmenas ak nikulas,"
o,u,38,"k Nikolas,","k nikulas,","تەگ چا نيكانور, تيمون, پارمەناس اك نيكولاس,","teg ca Nikanor, Timon, Parmenas ak Nikolas,","Teg ca nikanur, timon, parmenas ak nikulas,"
o,u,16, ni ko yoon, ni ku yoon,"ڽو نوپپالو, ني كو يوون وي سانتاانەە.","ñu noppalu, ni ko yoon wi santaanee.","ñu noppalu, ni ku yoon wi santaanee."
i,y,19,am bii mu y,am biy mu y,"جێلە, تە خام-خام بيي مو يور, لو","jële, te xam-xam bii mu yor, lu","jële, te xam-xam biy mu yur, lu"
o,u,25," mu yor, lu"," mu yur, lu","جێلە, تە خام-خام بيي مو يور, لو","jële, te xam-xam bii mu yor, lu","jële, te xam-xam biy mu yur, lu"
o,u,10,akk ko ci b,akk ku ci b,"چا, تاكك كو چي بانتو گاراب گو","ca, takk ko ci bantu garab gu","ca, takk ku ci bantu garab gu"
o,u,17, ne ko jàkk, ne ku jàkk,"نوونو كورنەي نە كو جاكك, دالدي تييت","Noonu Korney ne ko jàkk, daldi tiit","Noonu korney ne ku jàkk, daldi tiit"
o,u,23, li sonalee, li sunalee,واايە بي نو ڠەلاو لي سونالەە بو,Waaye bi nu ngelaw li sonalee bu,Waaye bi nu ngelaw li sunalee bu
o,u,16," nangou."""," nanguu.""","""وااو, داما ناڠوو.""","""Waaw, dama nangou.""","""Waaw, dama nanguu."""
o,u,11,kat loraang,kat luraaŋg,"لێەگي كات لورااڠەە ڠي نوي يووت, تە","Léegi kat loraangee ngi nuy yoot, te","léegi kat luraaŋgee ngi nuy yoot, te"
i,y,10,iy liit ak ,iy liyt ak ,"گيس ڽيي لييت اك توخورو, اك مبوولوو","gis ñiy liit ak toxoro, ak mbooloo","gis ñiy liyt ak toxoru, ak mbooloo"
o,u,21,"toxoro, ak ","toxoru, ak ","گيس ڽيي لييت اك توخورو, اك مبوولوو","gis ñiy liit ak toxoro, ak mbooloo","gis ñiy liyt ak toxoru, ak mbooloo"
o,u,9,wax ko kem ,wax ku kem ,ڠا واخ كو كەم سا ڠێم;,nga wax ko kem sa ngëm;,nga wax ku kem sa ngëm;
i,y,12,"i, biiñ bi ","i, biyñ bi ","مبووس يي, بييڽ بي توورو, مبووس يي ياقو.","mbuus yi, biiñ bi tuuru, mbuus yi yàqu.","mbuus yi, biyñ bi tuuru, mbuus yi yàqu."
u,o,1,wu bare,wo bare,"وو بارە, تە اتتە لەەن جوب چي دارا فا كانامام.","wu bare, te àtte leen jub ci dara fa kanamam.","wo bare, te àtte leen jub ci dara fa kanamam."
i,y,3,«Kii nee ,«Kiy nee ,«كيي نەە ووون نا: “مان ناا توج,«Kii nee woon na: “Man naa toj,«Kiy nee woon na: “Man naa toj
o,u,15, du doy ngi, du duy ngi,“لي نو يور دو دوي ڠير نون,“Li nu yor du doy ngir nun,“Li nu yor du duy ngir nun
y,i,31,"nt,biy màgg","nt,bii màgg","يۆببو ڠەەن ساخ فو نەكك تانت,بيي ماگگالوكاايو","Yóbbu ngeen sax fu nekk tànt,biy màggalukaayu","yóbbu ngeen sax fu nekk tànt,bii màggalukaayu"
o,u,5,jamono dina,jamonu dina,جامونو دينا ڽێو تە اگسي نا با,jamono dina ñëw te agsi na ba,jamonu dina ñëw te agsi na ba
u,o,4,Fatou maa ,Fatoo maa ,فاتوو ماا ڠي جاڠ وولوف,Fatou maa ngi jàng wolof,Fatoo maa ngi jàng wolof
i,y,2,miikaayi,miykaayi,مييكااييل,miikaayil,miykaayil
o,u,27," ko moy,"," ko muy,","دينا كو ينديل جامم. لو كو موي,","dina ko indil jàmm. Lu ko moy,","dina ko indil jàmm. Lu ko muy,"
o,u,1,ko gise,ku gise,"كو گيسە, موي دەم اساماان.»","ko gise, muy dem asamaan.»","ku gise, muy dem asamaan.»"
o,u,1,Sonnoon,Sunnuon,سوننوون نا لوول چي لوخوي فاجكات يو,Sonnoon na lool ci loxoy fajkat yu,Sunnuon na lool ci loxoy fajkat yu
o,u,4,Sonnoon na,Sunnuon na,سوننوون نا لوول چي لوخوي فاجكات يو,Sonnoon na lool ci loxoy fajkat yu,Sunnuon na lool ci loxoy fajkat yu
o,u,18,enc ko ci x,enc ku ci x,كاددو گي تە دەنچ كو چي خول,kàddu gi te denc ko ci xol,kàddu gi te denc ku ci xol
i,y,2,miin,miyn,ميين,miin,miyn
o,u,1,jolli n,yulli n,"جوللي نا چي ڽەەنتي خەبلا يێپپ,سەەن واخ وێر نا اددينا سێپپ.»","jolli na ci ñeenti xebla yépp,seen wax wër na àddina sépp.»","yulli na ci ñeenti xebla yépp,seen wax wér na dàddina addina sépp.»"
o,u,17,yaa koy teg,yaa kuy teg,"چي نجاالوو, ياا كوي تەگتال يوونو نجاالوو.","ci njaaloo, yaa koy tegtal yoonu njaaloo.","ci njaaloo, yaa kuy tegtal yoonu njaaloo."
o,u,15,unu mos dar,unu Mus dar,"نانو نە, دونو موس دارا, با كەرا نوي رەي پوول.","nanu ne, dunu mos dara, ba kera nuy rey Pool.","yanu ne, dunu Mus dara, ba kera nuy rey pool."
o,u,26,"Tarakonit, ","tarakunit, ","دييواانو يتورە اك بو تاراكونيت, تە ليساڽاس ييليف ابيلەن.","diiwaanu Iture ak bu Tarakonit, te Lisañas yilif Abilen.","Yiiwaanu iture ak bu tarakunit, te lisañas yilif abilef."
o,u,2,avons,awuns,اڤونس,avons,awuns
o,u,34, dégloo, dégluw,"سەەتلەەن بو بااخ, ني ڠەەن دي دێگلوو","Seetleen bu baax, ni ngeen di dégloo","seetleen bu baax, ni ngeen di dégluw"
i,y,36,ne yii am n,ne yiy am n,"ا تەگ بەنەەن يەن, لو دول دێنكاانە ييي ام نجاريڽ,","a teg beneen yen, lu dul dénkaane yii am njariñ,","a teg beneen yen, lu dul dënkaane yiy am njariñ,"
o,u,13,opp ko fu s,opp ku fu s,"پييەەر توپپ كو فو سورە, با چي","Piyeer topp ko fu sore, ba ci","Piyeer topp ku fu sore, ba ci"
u,o,24,ne kou bakh,ne koo bàkk,ماڠي لاي ڽاانال يەنە كوو باكه اك جامم.,Mangi lay ñaanal yene kou bakh ak jamm.,màngi lay ñaanal yene koo bàkk ak jàmm.
u,o,1,buumam.,boomam.,"بوومام. لێەگي ناگ نو ڠي جاامو ياللا,","buumam. Léegi nag nu ngi jaamu Yàlla,","boomam. Léegi nag nu ngi jaamu Yàlla,"
u,o,2,buumam. ,boomam. ,"بوومام. لێەگي ناگ نو ڠي جاامو ياللا,","buumam. Léegi nag nu ngi jaamu Yàlla,","boomam. Léegi nag nu ngi jaamu Yàlla,"
y,i,31,"i milyoŋ,","i miliwŋ,","كەنن كا, مو دێنك كو جورۆومي ميليوڠ,","Kenn ka, mu dénk ko juróomi milyoŋ,","kenn ka, mu dénk ko juróomi miliwŋ,"
u,o,37, séenuwul.», séenooul.»,كي دينا ڽێو چي واختو وو ڠەەن كو سێەنووول.»,ki dina ñëw ci waxtu wu ngeen ko séenuwul.»,yi dina ñëw ci waxtu wu ngeen ko séenooul.»
o,u,14,lif ko moom,lif ku moom,"مي, مو ييليف كو مووم اك اسكانام, فەكك بووبا اماگول دووم.","mi, mu yilif ko moom ak askanam, fekk booba amagul doom.","mi, mu yilif ku moom ak askanam, fekk booba amagul doom."
o,u,17, di sore Ye, di sure Ye,"بي نيت ڽووڽو دي سورە يەەسو, پييەەر","Bi nit ñooñu di sore Yeesu, Piyeer","Bi nit ñooñu di sure Yeesu, Piyeer"
i,y,16,ngir indi s,ngir yidi s,«داماا ڽێو ڠير يندي سافارا سي چي,«Damaa ñëw ngir indi safara si ci,«Damaa ñëw ngir yidi safara si ci
i,y,27,ax miir.,ax Miyr.,ندابب لو خەەڽ لو ڽوي واخ ميير.,ndàbb lu xeeñ lu ñuy wax miir.,Ndàbb lu xeeñ lu ñuy wax Miyr.
o,u,40,"aw, loo teg","a , lu teg ","ماگگ? يونەنت يي يتام فااتو ناڽو. وااو, لوو تەگ سا بوپپ?»","màgg? Yonent yi itam faatu nañu. Waaw, loo teg sa bopp?»","yàgg? yonent yi itam faatu nañu. Woa , lu teg sa bopp?»"
o,u,7,fewuko,fewuku,دەفەووكو,defewuko,defewuku
o,u,1,foñ,fuñ,فوڽ,foñ,fuñ
o,u,26,ëgg ñoñam,ëgg ñuñam,"بااي با, جوت نا. كو بێگگ ڽوڽام","Baay ba, jot na. Ku bëgg ñoñam","baay ba, jot na. Ku bëgg ñuñam"
u,o,1,muuma,mooma,مووما,muuma,mooma
u,o,2,muuma,mooma,مووما,muuma,mooma
o,u,11,jam ko ko c,jam ku ko c,"خەەج, جام كو كو چي وەت, چا","xeej, jam ko ko ci wet, ca","xeej, jam ku ko ci wet, ca"
o,u,18,"bi, soo ko ","bi, suu ko ","نە كو: «ساڠ بي, سوو كو بێگگەە, مان ڠا ماا فاج.»","ne ko: «Sang bi, soo ko bëggee, man nga maa faj.»","ye ko: «Sang bi, suu ko bëggee, man nga maa faj.»"
o,u,19,"i, soo ko b","i, suu ko b","نە كو: «ساڠ بي, سوو كو بێگگەە, مان ڠا ماا فاج.»","ne ko: «Sang bi, soo ko bëggee, man nga maa faj.»","ye ko: «Sang bi, suu ko bëggee, man nga maa faj.»"
o,u,25, ci yoor-yo, ci yuur-yo,"فووگە, نداختە نو ڠي چي يوور-يوور رەكك.","fooge, ndaxte nu ngi ci yoor-yoor rekk.","fooge, ndaxte nu ngi ci yuur-yoor rekk."
o,u,26,ci yoor-yoo,ci yuur-yoo,"فووگە, نداختە نو ڠي چي يوور-يوور رەكك.","fooge, ndaxte nu ngi ci yoor-yoor rekk.","fooge, ndaxte nu ngi ci yuur-yoor rekk."
o,u,1,Molog a,Mullug ,"مولوگ اك بيددييووب رەفان,بي ڽو داان بوككاالەەل","Molog ak biddiiwub Refan,bi ñu daan bokkaaleel","Mullug ak biddiiwub refan,bi ñu daan bokkaaleel"
u,o,1,yumi,yomi,يومي,yumi,yomi
i,y,24,ul; kiy jàn,l; kiy jàng,"بێراب بو مو يەللوووول; كيي جاڠ, نا","bérab bu mu yelloowul; kiy jàng, na","bérab bu mu yellooul; kiy jàng, na"
o,u,1,ko dugg,ku dugg,"كو دوگگال چيگ كامب, واللا دي چي","ko duggal cig kàmb, walla di ci","ku duggal cig kàmb, walla di ci"
o,u,20, bi dogal c, bi dugal c,"اك ساا, يي بااي بي دوگال چي","ak saa, yi Baay bi dogal ci","ak saa, yi baay bi dugal ci"
o,u,26,épp sorelee,épp surelee,"فو ڠەەن بوكك. يێەن ڽێپپ سورەلەەن ما, دەفكاتي لو بون يي!”","fu ngeen bokk. Yéen ñépp soreleen ma, defkati lu bon yi!”","fu ngeen bokk. Yéen ñépp sureleen ma, defkati lu bon yi!”"
i,y,39, tax indiwu, tax yidool,يا اك فاريسەن يا لااج لەەن نە: «لو تاخ ينديوولەەن كو?»,ya ak Farisen ya laaj leen ne: «Lu tax indiwuleen ko?»,ya ak Farisen ya laaj leen ne: «Lu tax yidooleen ko?»
u,o,1,yum,yom,يوم,yum,yom
o,u,21,ne ndogalu ,ne ndugalu ,"واايە بو فەككەە نە ندوگالو ياللا لا,","Waaye bu fekkee ne ndogalu Yàlla la,","Waaye bu fekkee ne ndugalu Yàlla la,"
o,u,6,oon wottu a,oon wuttu a,دوون ووتتو الالو ەرودد; اك سوسانن اك,doon wottu alalu Erodd; ak Susànn ak,doon wuttu alalu Erodd; ak sosann ak
u,o,28, ak Susànn , ak sosann ,دوون ووتتو الالو ەرودد; اك سوسانن اك,doon wottu alalu Erodd; ak Susànn ak,doon wuttu alalu Erodd; ak sosann ak
o,u,6,"eebaroon, b","eebaruon, b","فەەباروون, باي بێگگ ا دەە.","feebaroon, bay bëgg a dee.","feebaruon, bay bëgg a dee."
u,o,20, ca xutbaka, ca xotbaka,"دالدي جيب. ڽەنن چا خوتباكات, يا بوكك","daldi jib. Ñenn ca xutbakat, ya bokk","daldi jib. Ñenn ca xotbakat, ya bokk"
o,u,1,jombaat,jumbaat,جومبااتە,jombaate,jumbaate
o,u,38, mu sore se, mu sure se,"چي كاو لوولو ڽو دالدي ڽاان يەەسو, مو سورە سەەن رێەو.","Ci kaw loolu ñu daldi ñaan Yeesu, mu sore seen réew.","ci kaw loolu ñu daldi ñaan yeesu, mu sure seen.réew."
o,u,22, di sonal., di sunal.,تە ڽاانال ڽي لەەن دي سونال.,te ñaanal ñi leen di sonal.,te ñaanal ñi leen di sunal.
o,u,26,waa Korasin,waa Kurasin,"«ديڠەەن توروخ, يێەن واا كوراسين اك واا","«Dingeen torox, yéen waa Korasin ak waa","«Dingeen torox, yéen waa Kurasin ak waa"
o,u,14,sëf ko bant,sëf ku bant,"توول يا, سێف كو بانت, با ڽوي","tool ya, sëf ko bant, ba ñuy","tool ya, sëf ku bant, ba ñuy"
o,u,37,"in, doy","in, duy","بو تااليبە يەمەە اك كيليفاام دەمين, دوي","Bu taalibe yemee ak kilifaam demin, doy","Bu taalibe yemee ak kilifaam demin, duy"
o,u,6,een ko defa,een ku defa,لەەن كو دەفال; نداختە لوولو موو ێمب,leen ko defal; ndaxte loolu moo ëmb,leen ku defal; ndaxte loolu moo ëmb
o,u,25,"nte tooñ, w","nte tuuñ, w","كون نانو باييەە تەگانتە تووڽ, واايە نو","Kon nanu bàyyee tegante tooñ, waaye nu","kon nanu bàyyee tegante tuuñ, waaye nu"
o,u,26,"te tooñ, wa","te tuuñ, wa","كون نانو باييەە تەگانتە تووڽ, واايە نو","Kon nanu bàyyee tegante tooñ, waaye nu","kon nanu bàyyee tegante tuuñ, waaye nu"
o,u,29,ekk ko,ekk ku,چا گاننااو ێللێگ سا ڽو فەكك كو,Ca gannaaw ëllëg sa ñu fekk ko,ca gannaaw ëllëg sa ñu fekk ku
u,o,15, ci kureelu, ci koreelu,لي ما يندي چي كورەەلو اتتەكات ييي,Li ma indi ci kureelu àttekat yii,li ma indi ci koreelu àttekat yiy
i,y,32,at yii,at yiy,لي ما يندي چي كورەەلو اتتەكات ييي,Li ma indi ci kureelu àttekat yii,li ma indi ci koreelu àttekat yiy
o,u,14,teg ko ni k,teg ku ni k,"ناگ, ڠا تەگ كو ني كو گێمول ياللا مباا اب جووتيكات.","nag, nga teg ko ni ku gëmul Yàlla mbaa ab juutikat.","yag, nga teg ku ni ko gëmul Yàlla mbaa ab juutikat."
u,o,20, ni ku gëmu, ni ko gëmu,"ناگ, ڠا تەگ كو ني كو گێمول ياللا مباا اب جووتيكات.","nag, nga teg ko ni ku gëmul Yàlla mbaa ab juutikat.","yag, nga teg ku ni ko gëmul Yàlla mbaa ab juutikat."
u,o,3,a tuuti c,a tooti c,ا تووتي چي جيوو يێپپ;,a tuuti ci jiwu yépp;,a tooti ci jiwu yépp;
u,o,4,a tuuti ci,a tooti ci,ا تووتي چي جيوو يێپپ;,a tuuti ci jiwu yépp;,a tooti ci jiwu yépp;
i,y,6,"ëb mii, nda","ëb miy, nda","رێب ميي, نداختە امول دارا لو كو وارال.»","rëb mii, ndaxte amul dara lu ko waral.»","rëb miy, ndaxte amul dara lu ko waral.»"
u,o,21, di ñurumto, di ñoromto,"ياووت يا تامبالي دي ڽورومتوو يەەسو, نداختە","Yawut ya tàmbali di ñurumtoo Yeesu, ndaxte","yawut ya tàmbali di ñoromtoo yeesu, ndaxte"
u,o,23,i ñurumtoo ,i ñoromtoo ,"ياووت يا تامبالي دي ڽورومتوو يەەسو, نداختە","Yawut ya tàmbali di ñurumtoo Yeesu, ndaxte","yawut ya tàmbali di ñoromtoo yeesu, ndaxte"
o,u,12,tam sog a d,tam sug a d,يەەسو يتام سوگ ا دەم تە كەنن يێگو كو; سييوالول دەمام.,Yeesu itam sog a dem te kenn yégu ko; siiwalul demam.,Yeesu itam sug a dem te kenn yégu ko; Siiwalul demam.
u,o,42,eer Pusol.,eer posul.,"دالدي جۆگ, تە چا ڽاارەەلو فان با نو تەەر پوسول.","daldi jóg, te ca ñaareelu fan ba nu teer Pusol.","Yàldi jóg, te ca ñaareelu fan ba nu teer posul."
o,u,44,r Pusol.,r posul.,"دالدي جۆگ, تە چا ڽاارەەلو فان با نو تەەر پوسول.","daldi jóg, te ca ñaareelu fan ba nu teer Pusol.","Yàldi jóg, te ca ñaareelu fan ba nu teer posul."
u,o,1,surga b,sorga b,سورگا بو بااخ ڠا تە تاككو. گاننااو,surga bu baax nga te takku. Gannaaw,sorga bu baax nga te takku. Gannaaw
o,u,1,jortoon,jurtoon,جورتوون,jortoon,jurtoon
i,y,4,aw yiw; mu,waw yiw; m,او ييو; مو ڠي اك ياو.»,aw yiw; mu ngi ak yaw.»,waw yiw; mu ngi ak yaw.»
i,y,20,éy yii.»,éy yiy.»,مبير يو گێن ا رێي ييي.»,mbir yu gën a réy yii.»,mbir yu gën a réy yiy.»
o,u,4,jàngoro yi,jànguru yi,"جاڠورو يي دي لەەن باييي, راب ياي گێنن چي ڽووم.","jàngoro yi di leen bàyyi, rab yay génn ci ñoom.","jànguru yi di leen bàyyi, rab yay génn ci ñoom."
o,u,6,àngoro yi d,ànguru yi d,"جاڠورو يي دي لەەن باييي, راب ياي گێنن چي ڽووم.","jàngoro yi di leen bàyyi, rab yay génn ci ñoom.","jànguru yi di leen bàyyi, rab yay génn ci ñoom."
u,o,14, di ku yeew, di ko yeew,موساا ناگ دي كو يەەوو چي خام-خامو,Musaa nag di ku yeewu ci xam-xamu,Musaa nag di ko yeewu ci xam-xamu
u,o,31, ca kureelu, ca koreelu,يودە. يووسوفاا ڠا بوككوون چا كورەەلو اتتەكات,Yude. Yuusufaa nga bokkoon ca kureelu àttekat,Yude. Yuusufaa nga bokkoon ca koreelu àttekat
u,o,3,fasuwoon,fasooun,فاسوووون,fasuwoon,fasooun
o,u,5,fasuwoon,fasooun,فاسوووون,fasuwoon,fasooun
i,y,12,ag ñii ñoo ,ag ñiy ñoo ,بووبا ناگ ڽيي ڽوو اند اك مووم:,Booba nag ñii ñoo ànd ak moom:,booba nag ñiy ñoo and ak moom:
o,u,1,loosam,luusam,لووسام,loosam,luusam
o,u,2,loosam,luusam,لووسام,loosam,luusam
y,i,30,; Yulyus,; Yuliws,چا ێللێگ سا نو تەەر سيدون; يوليوس,Ca ëllëg sa nu teer Sidon; Yulyus,ca ëllëg sa nu teer sidon; Yuliws
i,y,7,nu biir! Yà,nu biyr! Yà,سونو بيير! ياللا واللوسي نا مبوولووم!»,sunu biir! Yàlla wallusi na mbooloom!»,Yunu biyr! Yàlla wàllusi na mbooloom!»
o,u,9,"k sago, nu ","k sagu, nu ","مي اك ساگو, نو دێنك لەەن ليگگێەي بيي.","mi ak sago, nu dénk leen liggéey bii.","mi ak sagu, nu dénk leen liggéey bii."
o,u,27, ya dogu ci, ya dugu ci,كەرووگ لا نجييتي ياووت يا دوگو چي رەي يەەسو.,Keroog la njiiti Yawut ya dogu ci rey Yeesu.,keroog la njiiti yawut ya dugu ci rey Yeesu.
i,y,5,"ay liir, ng","ay liyr, ng","اي ليير, ڠير مو تەگ لەەن اي","ay liir, ngir mu teg leen ay","ay liyr, ngir mu teg leen ay"
u,o,17,fee ku tudd,fee ko tudd,«بي ما كو دەفەە كو تودد اناڽاس,«Bi ma ko defee ku tudd Anañas,«Bi ma ko defee ko tudd anañas
u,o,4,ñu summi m,Ñu sommi m,"ڽو سوممي مبوبب مو خونق مي, سولااتال","ñu summi mbubb mu xonq mi, solaatal","Ñu sommi mbubb mu xonq mi, sulaatal"
o,u,28,"mi, solaata","mi, sulaata","ڽو سوممي مبوبب مو خونق مي, سولااتال","ñu summi mbubb mu xonq mi, solaatal","Ñu sommi mbubb mu xonq mi, sulaatal"
u,o,43,eni xutbaka,eni xotbaka,نداختە جاڠال نا لەەن اك ساڽ-ساڽ بو سەەني خوتباكات امول.,ndaxte jàngal na leen ak sañ-sañ bu seeni xutbakat amul.,Ndaxte jàngal na leen ak sañ-sañ bu seeni xotbakat amul.
u,o,11,nangou dem ,nangoo dem ,ناڠا ناڠوو دەم اك مان.,Nanga nangou dem ak man.,nanga nangoo dem ak man.
o,u,22,ama koy wax,ama kuy wax,"ما دێگلو, واايە داما كوي واخ, ڠير","ma déglu, waaye dama koy wax, ngir","ma déglu, waaye dama kuy wax, ngir"
o,u,29,n a wodd?,n a wudd?,"تاال بي, نداخ دو لەەن گێن ا وودد?","taal bi, ndax du leen gën a wodd?","taal bi, ndax du leen gën a wudd?"
u,o,38," ni ku jub,"," ni ko jub,","يوونو موساا تێلە ووون ا اتتەە نيت ني كو جوب,","yoonu Musaa tële woon a àttee nit ni ku jub,","yoonu Musaa tële woon a àttee nit ni ko jub,"
o,u,17,ama koy wax,ama kuy wax,"لي ما واخ, داما كوي واخ, ني","li ma wax, dama koy wax, ni","li ma wax, dama kuy wax, ni"
u,o,24,i solu Yuda,i solo yuda,"نوونو سەيتاانە دالدي سولو يوداا, مي ڽوي","Noonu Seytaane daldi solu Yudaa, mi ñuy","Noonu seytaane daldi solo yudaa, mi ñuy"
o,u,3,melokaani,melukaani,مەلوكااني,melokaani,melukaani
u,o,20,"raxasuwul, ","raxasooul, ","گيسەە نە يەەسو راخاسووول, لااتا موي لەكك.","gisee ne Yeesu raxasuwul, laata muy lekk.","gisee ne Yeesu raxasooul, laata muy lekk."
u,o,41,l a suul ke,l a sool ke,بووبا اموون نا فا باممەەل بو ڽو موسول ا سوول كەنن.,booba amoon na fa bàmmeel bu ñu musul a suul kenn.,Booba amoon na fa bàmmeel bu ñu musul a sool kenn.
u,o,42, a suul ken, a sool ken,بووبا اموون نا فا باممەەل بو ڽو موسول ا سوول كەنن.,booba amoon na fa bàmmeel bu ñu musul a suul kenn.,Booba amoon na fa bàmmeel bu ñu musul a sool kenn.
o,u,26, ya dogale , ya dugale ,"ڽو گيسەە نيت, كا ساچچ يا دوگالە ووون?»","ñu gisee nit, ka sàcc ya dogale woon?»","ñu gisee nit, ka sàcc ya dugale woon?»"
u,o,1,wuuteek,wooteek,وووتەەك,wuuteek,wooteek
u,o,2,wuuteek,wooteek,وووتەەك,wuuteek,wooteek
u,o,1,duun,doon,دوون,duun,doon
u,o,2,duun,doon,دوون,duun,doon
y,i,12,"i milyoŋ, s","i milioŋ, s","ما ڽااري ميليوڠ, سەەتال, امە ناا چي يەنەەن ڽاار.”","ma ñaari milyoŋ, seetal, ame naa ci yeneen ñaar.”","ma ñaari milioŋ, seetal, ame naa ci yeneen ñaar.”"
o,u,34,teg ko,teg ku,"خوتباكات يا. ديناڽو كو اتتە, تەگ كو","xutbakat ya. Dinañu ko àtte, teg ko","xutbakat ya. Dinañu ko àtte, teg ku"
i,y,4,Léegi nag ,léeeyi nag,لێەگي ناگ يێەنا ڠي ماي ووت ا,Léegi nag yéena ngi may wut a,léeeyi nag yéena ngi may wut a
o,u,23,"ol, Sool, l","ol, suul, l","باات بو ما نە: “سوول, سوول, لو","baat bu ma ne: “Sool, Sool, lu","Baat bu ma ne: “Sool, suul, lu"
o,u,24,"l, Sool, lu","l, suul, lu","باات بو ما نە: “سوول, سوول, لو","baat bu ma ne: “Sool, Sool, lu","Baat bu ma ne: “Sool, suul, lu"
o,u,24, wu sol mbu, wu sul mbu,"ندەيجوور واخامباانە وو سول مبوبب مو وەەخ, ڽو دالدي تييت.","ndeyjoor waxambaane wu sol mbubb mu weex, ñu daldi tiit.","ndeyjoor waxambaane wu sul mbubb mu weex, ñu daldi tiit."
u,o,17, Fatou., fàtoo.,ماا ڠي تودد فاتوو.,Maa ngi tudd Fatou.,maa ngi tudd fàtoo.
u,o,1,Ku leen,ko leen,"كو لەەن فيتناال, ڽاانال-لەەن كو ييو, تە باڽ كوو مۆولو.","Ku leen fitnaal, ñaanal-leen ko yiw, te bañ koo móolu.","ko leen fitnaal, ñaanal-leen ko yiw, te bañ koo móolu."
o,u,21, bi dogal c, bi dugal c,"نداختە لي بورووم بي دوگال چي اددينا,دينا","Ndaxte li Boroom bi dogal ci àddina,dina","Ndaxte li boroom bi dugal ci àddina,dina"
o,u,13, ku ko gëm., ku ku gëm.,جوب كێپپ كو كو گێم.,jub képp ku ko gëm.,jub képp ku ku gëm.
i,y,48,ne miig.,ne miyg.,"دوگگە فيي, تە امولوو مبوببوم چێەت?” واا جي نە مييگ.","dugge fii, te amuloo mbubbum céet?” Waa ji ne miig.","dugge fii, te amuloo mbubbum céet?” waa ji ne miyg."
i,y,14,u ko indil ,u ko yoniid,دافا ام كو كو ينديل لەكك?»,dafa am ku ko indil lekk?»,dafa am ku ko yoniid lekk?»
i,y,11,a ak i taal,a ak yittaa,"جۆگە فا اك ي تااليبەەم, جالل خورو سەدورون, دوگگ چيب توول.","jóge fa ak i taalibeem, jàll xuru Sedoron, dugg cib tool.","jóge fa ak yittaalibeem, jall xoru Sedurun, dugg cib tool."
o,u,16,olu doy na ,olu duy na ,بااي بي; لوولو دوي نا نو.»,Baay bi; loolu doy na nu.»,baay bi; loolu duy na nu.»
o,u,4,nangoo laa,nanguu laa,ناڠوو لاال سێف بي ساخ اك سەەن چاتي بااراام.,nangoo laal sëf bi sax ak seen cati baaraam.,nanguu laal sëf bi sax ak seen cati baaraam.
o,u,5,nangoo laal,nanguu laal,ناڠوو لاال سێف بي ساخ اك سەەن چاتي بااراام.,nangoo laal sëf bi sax ak seen cati baaraam.,nanguu laal sëf bi sax ak seen cati baaraam.
o,u,8,oon boyetu ,oon buyetu ,"يوروون بويەتو خااليس بي, تە داان چي ساكك.","yoroon boyetu xaalis bi, te daan ci sàkk.","yoroon buyetu xaalis bi, te daan ci sàkk."
o,u,6,óoluwoo,óoluwu,وۆولوووو,wóoluwoo,wóoluwu
o,u,46, delloo., delluo.,"گارابو وليو گو كێر گي, ياللا دينا لەەن چي دەللوو.","garabu oliw gu kër gi, Yàlla dina leen ci delloo.","yarabu wliw gu kër gi, Yàlla dina leen ci delluo."
o,u,7,w Teyofil m,w teyufil m,"ياو تەيوفيل مو تەدد مي, خام ڠا","Yaw Teyofil mu tedd mi, xam nga","yaw teyufil mu tedd mi, xam nga"
o,u,7,"ggeekoo, ma","ggeekuo, ma","داگگەەكوو, مان دوما لا باييي موكك.»","dàggeekoo, man duma la bàyyi mukk.»","daggeekuo, man duma la bàyyi mukk.»"
o,u,1,doy,duy,دوي,doy,duy
y,i,8,"lifa yi, lu","ifa yi, lu ","«كيليفا يي, لو ما وار ا دەف, با موچچ?»","«Kilifa yi, lu ma war a def, ba mucc?»","yklifa yi, lu ma war a def, ba mucc?»"
o,u,26,ndi sobe,ndi sube,"چي كێر ياللا گي, با يندي سوبە","ci kër Yàlla gi, ba indi sobe","ci kër Yàlla gi, ba indi sube"
i,y,2,Lii mooy,liy mooy,"ليي مووي ڽاارەەلو فيرندە, بي يەەسو دەف","Lii mooy ñaareelu firnde, bi Yeesu def","liy mooy ñaareelu firnde, bi Yeesu def"
o,u,11,aat ko fi a,aat ku fi a,بايييواات كو في ات ميي. ديناا واقي,bàyyiwaat ko fi at mii. Dinaa wàqi,bàyyiwaat ku fi at miy. Dinaa wàqi
i,y,21,at mii. Din,at miy. Din,بايييواات كو في ات ميي. ديناا واقي,bàyyiwaat ko fi at mii. Dinaa wàqi,bàyyiwaat ku fi at miy. Dinaa wàqi
i,y,22,la yiir ci,la yiyr ci,اجي كاوە جي دينا لا ييير چي,Aji Kawe ji dina la yiir ci,Aji kawe ji dina la yiyr ci
u,o,1,fuytéef,Foytéef,فويتێەف,fuytéef,Foytéef
u,o,37,i doxub,i doxob,"ڽو دالدي سانني دييگال, ڠير واڽڽي دوخوب","ñu daldi sànni diigal, ngir wàññi doxub","Ñu daldi sànni diigal, ngir waññi doxob"
i,y,8,"n, kii góor","n, kiy góor","لەەن, كيي گۆور, كيي جيگێەن.","leen, kii góor, kii jigéen.","leen, kiy góor, kiy jigéen."
i,y,18,"r, kii jigé","r, kiy jigé","لەەن, كيي گۆور, كيي جيگێەن.","leen, kii góor, kii jigéen.","leen, kiy góor, kiy jigéen."
o,u,1,politig,pulitig,پوليتيگ,politig,pulitig
i,y,31,ay miir bu,ay miyr bu,"ياو مي ناافێق, باي ساماندااي ميير بو","yaw mi naaféq, bay samandaay miir bu","yaw mi naaféq, bay samandaay miyr bu"
o,u,8, na sonn lu, na sunn lu,"وار نا سونن لو بارە, ڽو خەەب كو, دێددو كو.","war na sonn lu bare, ñu xeeb ko, dëddu ko.","war na sunn lu bare, ñu xeeb ko, dëddu ko."
o,u,34,osaanoo ca,osaanuo ca,گاننااو ياللا باالول چار يا چوساانوو چا,Gannaaw Yàlla baalul car ya cosaanoo ca,Gannaaw Yàlla baalul car ya cosaanuo ca
o,u,4,tuuboon,tuubuon,تووبوون,tuuboon,tuubuon
o,u,11,dee ko nii:,dee ku nii:,"مو سەەدەە كو نيي: “گيس ناا دااوودا,","mu seedee ko nii: “Gis naa Daawuda,","mu seedee ku nii: “Gis naa daawuda,"
u,o,2,Kou lekk,koo lekk,كوو لەكك چێب امنا وێرسێگ.,Kou lekk cëb amna wërsëg.,koo lekk cëb amna wërsëg.
o,u,11," yeewoo, da"," yeewu, dam","""بو ما يەەووو, داماي وێر.""","""Bu ma yeewoo, damay wér.""","""Bu ma yeewu, damay wér."""
u,o,21, mu muucu. , mu mooco. ,"بانت, جوخ كو كو, مو مووچو. مو","bant, jox ko ko, mu muucu. Mu","bant, jox ko ko, mu mooco. Mu"
u,o,22,mu muucu. M,mu mooco. M,"بانت, جوخ كو كو, مو مووچو. مو","bant, jox ko ko, mu muucu. Mu","bant, jox ko ko, mu mooco. Mu"
u,o,24, muucu. Mu, mooco. Mu,"بانت, جوخ كو كو, مو مووچو. مو","bant, jox ko ko, mu muucu. Mu","bant, jox ko ko, mu mooco. Mu"
o,u,24,may wor a n,may wur a n,"جۆگلەەن نو دەم; كي ماي وور ا ڠي نيي, دي ڽێو.»","Jógleen nu dem; ki may wor a ngi nii, di ñëw.»","jógleen nu dem; ki may wur a ngi nii, di ñëw.»"
o,u,6,"iir ko, dég","iir ku, dég","نيير كو, دێگگ بااتو بورووم بي نە كو:","niir ko, dégg baatu Boroom bi ne ko:","niir ku, dégg baatu boroom bi ne ko:"
o,u,13,m a ko wara,m a ku wara,"باككاارام ا كو وارال, واللا بو وااجورام?»","bàkkaaram a ko waral, walla bu waajuram?»","bàkkaaram a ku waral, walla bu waajuram?»"
u,o,18," yu wuute, "," yu woote, ","اك اي جاڠورو يو وووتە, تە داق","ak ay jàngoro yu wuute, te dàq","ak ay jàngoro yu woote, te dàq"
u,o,19,"yu wuute, t","yu woote, t","اك اي جاڠورو يو وووتە, تە داق","ak ay jàngoro yu wuute, te dàq","ak ay jàngoro yu woote, te dàq"
i,y,4,yéwwikoo,yéwuyoo,يێوويكوو,yéwwikoo,yéwuyoo
o,u,14,guwuñoo yiw,guwuñuoy Yi,نوونو ناڠوووڽوو ييوي ياسون اك ڽي چي,Noonu nanguwuñoo yiwi Yason ak ñi ci,Noonu nanguwuñuoy Yiwi Yasun ak ñi ci
o,u,1,doy ngi,duy ngi,دوي ڠير مبوولوو مو توللو نيي?»,doy ngir mbooloo mu tollu nii?»,duy ngir mbooloo mu tollu nii?»
o,u,6,amaakoonu,amaakuonu,خامااكوونو,xamaakoonu,xamaakuonu
